date_recovered,province,cumulative_recovered,province_source,source
2020-04-03,Alberta,196.0,Alberta,https://www.alberta.ca/covid-19-alberta-data.aspx
2020-04-02,Alberta,174.0,BC,http://www.bccdc.ca/health-info/diseases-conditions/covid-19/case-counts-press-statements
2020-04-01,Alberta,142.0,Manitoba,https://www.gov.mb.ca/covid19/index.html
2020-03-31,Alberta,120.0,New Brunswick,https://www2.gnb.ca/content/gnb/en/departments/ocmoh/cdc/content/respiratory_diseases/coronavirus.html
2020-03-30,Alberta,94.0,NL,https://www.gov.nl.ca/covid-19/
2020-03-29,Alberta,73.0,Nova Scotia,https://novascotia.ca/coronavirus/#cases
2020-03-28,Alberta,53.0,Nunavut,https://www.gov.nu.ca/
2020-03-27,Alberta,33.0,NWT,https://www.hss.gov.nt.ca/en/services/coronavirus-disease-covid-19
2020-03-26,Alberta,27.0,Ontario,https://www.ontario.ca/page/2019-novel-coronavirus#section-0
2020-03-25,Alberta,3.0,PEI,https://www.princeedwardisland.ca/en/topic/covid-19
2020-03-24,Alberta,3.0,Quebec,https://www.msss.gouv.qc.ca/professionnels/maladies-infectieuses/coronavirus-2019-ncov/
2020-03-23,Alberta,3.0,Saskatchewan,https://www.saskatchewan.ca/government/health-care-administration-and-provider-resources/treatment-procedures-and-guidelines/emerging-public-health-issues/2019-novel-coronavirus/cases-and-risk-of-covid-19-in-saskatchewan
2020-03-22,Alberta,3.0,Yukon,https://yukon.ca/en/information-about-novel-coronavirus-yukoners
2020-03-21,Alberta,3.0,,
2020-03-20,Alberta,3.0,,
2020-03-19,Alberta,2.0,,
2020-03-18,Alberta,0.0,,
2020-03-17,Alberta,0.0,,
2020-03-16,Alberta,0.0,,
2020-03-15,Alberta,0.0,,
2020-03-14,Alberta,0.0,,
2020-03-13,Alberta,0.0,,
2020-03-12,Alberta,0.0,,
2020-03-11,Alberta,0.0,,
2020-03-10,Alberta,0.0,,
2020-03-09,Alberta,0.0,,
2020-03-08,Alberta,0.0,,
2020-03-07,Alberta,0.0,,
2020-03-06,Alberta,0.0,,
2020-03-05,Alberta,0.0,,
2020-03-04,Alberta,,,
2020-03-03,Alberta,,,
2020-03-02,Alberta,,,
2020-03-01,Alberta,,,
2020-02-29,Alberta,,,
2020-02-28,Alberta,,,
2020-02-27,Alberta,,,
2020-02-26,Alberta,,,
2020-02-25,Alberta,,,
2020-02-24,Alberta,,,
2020-02-23,Alberta,,,
2020-02-22,Alberta,,,
2020-02-21,Alberta,,,
2020-02-20,Alberta,,,
2020-02-19,Alberta,,,
2020-02-18,Alberta,,,
2020-02-17,Alberta,,,
2020-02-16,Alberta,,,
2020-02-15,Alberta,,,
2020-02-14,Alberta,,,
2020-02-13,Alberta,,,
2020-02-12,Alberta,,,
2020-04-03,BC,673.0,,
2020-04-02,BC,641.0,,
2020-04-01,BC,606.0,,
2020-03-31,BC,507.0,,
2020-03-30,BC,469.0,,
2020-03-29,BC,396.0,,
2020-03-28,BC,396.0,,
2020-03-27,BC,275.0,,
2020-03-26,BC,186.0,,
2020-03-25,BC,183.0,,
2020-03-24,BC,173.0,,
2020-03-23,BC,100.0,,
2020-03-22,BC,6.0,,
2020-03-21,BC,6.0,,
2020-03-20,BC,6.0,,
2020-03-19,BC,5.0,,
2020-03-18,BC,5.0,,
2020-03-17,BC,5.0,,
2020-03-16,BC,5.0,,
2020-03-15,BC,5.0,,
2020-03-14,BC,5.0,,
2020-03-13,BC,5.0,,
2020-03-12,BC,4.0,,
2020-03-11,BC,4.0,,
2020-03-10,BC,4.0,,
2020-03-09,BC,4.0,,
2020-03-08,BC,4.0,,
2020-03-07,BC,4.0,,
2020-03-06,BC,4.0,,
2020-03-05,BC,4.0,,
2020-03-04,BC,4.0,,
2020-03-03,BC,4.0,,
2020-03-02,BC,4.0,,
2020-03-01,BC,4.0,,
2020-02-29,BC,4.0,,
2020-02-28,BC,4.0,,
2020-02-27,BC,4.0,,
2020-02-26,BC,4.0,,
2020-02-25,BC,4.0,,
2020-02-24,BC,1.0,,
2020-02-23,BC,1.0,,
2020-02-22,BC,1.0,,
2020-02-21,BC,1.0,,
2020-02-20,BC,1.0,,
2020-02-19,BC,1.0,,
2020-02-18,BC,0.0,,
2020-02-17,BC,0.0,,
2020-02-16,BC,0.0,,
2020-02-15,BC,0.0,,
2020-02-14,BC,0.0,,
2020-02-13,BC,0.0,,
2020-02-12,BC,0.0,,
2020-04-03,Manitoba,11.0,,
2020-04-02,Manitoba,11.0,,
2020-04-01,Manitoba,4.0,,
2020-03-31,Manitoba,4.0,,
2020-03-30,Manitoba,2.0,,
2020-03-29,Manitoba,2.0,,
2020-03-28,Manitoba,0.0,,
2020-03-27,Manitoba,0.0,,
2020-03-26,Manitoba,0.0,,
2020-03-25,Manitoba,0.0,,
2020-03-24,Manitoba,0.0,,
2020-03-23,Manitoba,0.0,,
2020-03-22,Manitoba,0.0,,
2020-03-21,Manitoba,0.0,,
2020-03-20,Manitoba,0.0,,
2020-03-19,Manitoba,0.0,,
2020-03-18,Manitoba,0.0,,
2020-03-17,Manitoba,0.0,,
2020-03-16,Manitoba,0.0,,
2020-03-15,Manitoba,0.0,,
2020-03-14,Manitoba,0.0,,
2020-03-13,Manitoba,0.0,,
2020-03-12,Manitoba,0.0,,
2020-03-11,Manitoba,,,
2020-03-10,Manitoba,,,
2020-03-09,Manitoba,,,
2020-03-08,Manitoba,,,
2020-03-07,Manitoba,,,
2020-03-06,Manitoba,,,
2020-03-05,Manitoba,,,
2020-03-04,Manitoba,,,
2020-03-03,Manitoba,,,
2020-03-02,Manitoba,,,
2020-03-01,Manitoba,,,
2020-02-29,Manitoba,,,
2020-02-28,Manitoba,,,
2020-02-27,Manitoba,,,
2020-02-26,Manitoba,,,
2020-02-25,Manitoba,,,
2020-02-24,Manitoba,,,
2020-02-23,Manitoba,,,
2020-02-22,Manitoba,,,
2020-02-21,Manitoba,,,
2020-02-20,Manitoba,,,
2020-02-19,Manitoba,,,
2020-02-18,Manitoba,,,
2020-02-17,Manitoba,,,
2020-02-16,Manitoba,,,
2020-02-15,Manitoba,,,
2020-02-14,Manitoba,,,
2020-02-13,Manitoba,,,
2020-02-12,Manitoba,,,
2020-04-03,New Brunswick,25.0,,
2020-04-02,New Brunswick,22.0,,
2020-04-01,New Brunswick,14.0,,
2020-03-31,New Brunswick,9.0,,
2020-03-30,New Brunswick,2.0,,
2020-03-29,New Brunswick,2.0,,
2020-03-28,New Brunswick,2.0,,
2020-03-27,New Brunswick,1.0,,
2020-03-26,New Brunswick,0.0,,
2020-03-25,New Brunswick,0.0,,
2020-03-24,New Brunswick,0.0,,
2020-03-23,New Brunswick,0.0,,
2020-03-22,New Brunswick,0.0,,
2020-03-21,New Brunswick,0.0,,
2020-03-20,New Brunswick,0.0,,
2020-03-19,New Brunswick,0.0,,
2020-03-18,New Brunswick,0.0,,
2020-03-17,New Brunswick,0.0,,
2020-03-16,New Brunswick,0.0,,
2020-03-15,New Brunswick,0.0,,
2020-03-14,New Brunswick,0.0,,
2020-03-13,New Brunswick,0.0,,
2020-03-12,New Brunswick,0.0,,
2020-03-11,New Brunswick,,,
2020-03-10,New Brunswick,,,
2020-03-09,New Brunswick,,,
2020-03-08,New Brunswick,,,
2020-03-07,New Brunswick,,,
2020-03-06,New Brunswick,,,
2020-03-05,New Brunswick,,,
2020-03-04,New Brunswick,,,
2020-03-03,New Brunswick,,,
2020-03-02,New Brunswick,,,
2020-03-01,New Brunswick,,,
2020-02-29,New Brunswick,,,
2020-02-28,New Brunswick,,,
2020-02-27,New Brunswick,,,
2020-02-26,New Brunswick,,,
2020-02-25,New Brunswick,,,
2020-02-24,New Brunswick,,,
2020-02-23,New Brunswick,,,
2020-02-22,New Brunswick,,,
2020-02-21,New Brunswick,,,
2020-02-20,New Brunswick,,,
2020-02-19,New Brunswick,,,
2020-02-18,New Brunswick,,,
2020-02-17,New Brunswick,,,
2020-02-16,New Brunswick,,,
2020-02-15,New Brunswick,,,
2020-02-14,New Brunswick,,,
2020-02-13,New Brunswick,,,
2020-02-12,New Brunswick,,,
2020-04-03,NL,11.0,,
2020-04-02,NL,10.0,,
2020-04-01,NL,10.0,,
2020-03-31,NL,7.0,,
2020-03-30,NL,7.0,,
2020-03-29,NL,4.0,,
2020-03-28,NL,4.0,,
2020-03-27,NL,1.0,,
2020-03-26,NL,0.0,,
2020-03-25,NL,0.0,,
2020-03-24,NL,0.0,,
2020-03-23,NL,0.0,,
2020-03-22,NL,0.0,,
2020-03-21,NL,0.0,,
2020-03-20,NL,0.0,,
2020-03-19,NL,0.0,,
2020-03-18,NL,0.0,,
2020-03-17,NL,0.0,,
2020-03-16,NL,0.0,,
2020-03-15,NL,0.0,,
2020-03-14,NL,0.0,,
2020-03-13,NL,,,
2020-03-12,NL,,,
2020-03-11,NL,,,
2020-03-10,NL,,,
2020-03-09,NL,,,
2020-03-08,NL,,,
2020-03-07,NL,,,
2020-03-06,NL,,,
2020-03-05,NL,,,
2020-03-04,NL,,,
2020-03-03,NL,,,
2020-03-02,NL,,,
2020-03-01,NL,,,
2020-02-29,NL,,,
2020-02-28,NL,,,
2020-02-27,NL,,,
2020-02-26,NL,,,
2020-02-25,NL,,,
2020-02-24,NL,,,
2020-02-23,NL,,,
2020-02-22,NL,,,
2020-02-21,NL,,,
2020-02-20,NL,,,
2020-02-19,NL,,,
2020-02-18,NL,,,
2020-02-17,NL,,,
2020-02-16,NL,,,
2020-02-15,NL,,,
2020-02-14,NL,,,
2020-02-13,NL,,,
2020-02-12,NL,,,
2020-04-03,Nova Scotia,21.0,,
2020-04-02,Nova Scotia,16.0,,
2020-04-01,Nova Scotia,11.0,,
2020-03-31,Nova Scotia,10.0,,
2020-03-30,Nova Scotia,10.0,,
2020-03-29,Nova Scotia,7.0,,
2020-03-28,Nova Scotia,4.0,,
2020-03-27,Nova Scotia,3.0,,
2020-03-26,Nova Scotia,2.0,,
2020-03-25,Nova Scotia,2.0,,
2020-03-24,Nova Scotia,1.0,,
2020-03-23,Nova Scotia,0.0,,
2020-03-22,Nova Scotia,0.0,,
2020-03-21,Nova Scotia,0.0,,
2020-03-20,Nova Scotia,0.0,,
2020-03-19,Nova Scotia,0.0,,
2020-03-18,Nova Scotia,0.0,,
2020-03-17,Nova Scotia,0.0,,
2020-03-16,Nova Scotia,0.0,,
2020-03-15,Nova Scotia,0.0,,
2020-03-14,Nova Scotia,,,
2020-03-13,Nova Scotia,,,
2020-03-12,Nova Scotia,,,
2020-03-11,Nova Scotia,,,
2020-03-10,Nova Scotia,,,
2020-03-09,Nova Scotia,,,
2020-03-08,Nova Scotia,,,
2020-03-07,Nova Scotia,,,
2020-03-06,Nova Scotia,,,
2020-03-05,Nova Scotia,,,
2020-03-04,Nova Scotia,,,
2020-03-03,Nova Scotia,,,
2020-03-02,Nova Scotia,,,
2020-03-01,Nova Scotia,,,
2020-02-29,Nova Scotia,,,
2020-02-28,Nova Scotia,,,
2020-02-27,Nova Scotia,,,
2020-02-26,Nova Scotia,,,
2020-02-25,Nova Scotia,,,
2020-02-24,Nova Scotia,,,
2020-02-23,Nova Scotia,,,
2020-02-22,Nova Scotia,,,
2020-02-21,Nova Scotia,,,
2020-02-20,Nova Scotia,,,
2020-02-19,Nova Scotia,,,
2020-02-18,Nova Scotia,,,
2020-02-17,Nova Scotia,,,
2020-02-16,Nova Scotia,,,
2020-02-15,Nova Scotia,,,
2020-02-14,Nova Scotia,,,
2020-02-13,Nova Scotia,,,
2020-02-12,Nova Scotia,,,
2020-04-03,Ontario,1023.0,,
2020-04-02,Ontario,831.0,,
2020-04-01,Ontario,689.0,,
2020-03-31,Ontario,534.0,,
2020-03-30,Ontario,431.0,,
2020-03-29,Ontario,8.0,,
2020-03-28,Ontario,8.0,,
2020-03-27,Ontario,8.0,,
2020-03-26,Ontario,8.0,,
2020-03-25,Ontario,8.0,,
2020-03-24,Ontario,8.0,,
2020-03-23,Ontario,8.0,,
2020-03-22,Ontario,8.0,,
2020-03-21,Ontario,6.0,,
2020-03-20,Ontario,5.0,,
2020-03-19,Ontario,5.0,,
2020-03-18,Ontario,5.0,,
2020-03-17,Ontario,5.0,,
2020-03-16,Ontario,5.0,,
2020-03-15,Ontario,5.0,,
2020-03-14,Ontario,5.0,,
2020-03-13,Ontario,5.0,,
2020-03-12,Ontario,5.0,,
2020-03-11,Ontario,5.0,,
2020-03-10,Ontario,5.0,,
2020-03-09,Ontario,5.0,,
2020-03-08,Ontario,4.0,,
2020-03-07,Ontario,4.0,,
2020-03-06,Ontario,4.0,,
2020-03-05,Ontario,4.0,,
2020-03-04,Ontario,3.0,,
2020-03-03,Ontario,3.0,,
2020-03-02,Ontario,3.0,,
2020-03-01,Ontario,3.0,,
2020-02-29,Ontario,3.0,,
2020-02-28,Ontario,3.0,,
2020-02-27,Ontario,3.0,,
2020-02-26,Ontario,3.0,,
2020-02-25,Ontario,3.0,,
2020-02-24,Ontario,3.0,,
2020-02-23,Ontario,3.0,,
2020-02-22,Ontario,3.0,,
2020-02-21,Ontario,3.0,,
2020-02-20,Ontario,2.0,,
2020-02-19,Ontario,1.0,,
2020-02-18,Ontario,1.0,,
2020-02-17,Ontario,1.0,,
2020-02-16,Ontario,1.0,,
2020-02-15,Ontario,1.0,,
2020-02-14,Ontario,1.0,,
2020-02-13,Ontario,1.0,,
2020-02-12,Ontario,1.0,,
2020-04-03,PEI,4.0,,
2020-04-02,PEI,3.0,,
2020-04-01,PEI,3.0,,
2020-03-31,PEI,1.0,,
2020-03-30,PEI,1.0,,
2020-03-29,PEI,1.0,,
2020-03-28,PEI,1.0,,
2020-03-27,PEI,1.0,,
2020-03-26,PEI,1.0,,
2020-03-25,PEI,0.0,,
2020-03-24,PEI,0.0,,
2020-03-23,PEI,0.0,,
2020-03-22,PEI,0.0,,
2020-03-21,PEI,0.0,,
2020-03-20,PEI,0.0,,
2020-03-19,PEI,0.0,,
2020-03-18,PEI,0.0,,
2020-03-17,PEI,0.0,,
2020-03-16,PEI,0.0,,
2020-03-15,PEI,0.0,,
2020-03-14,PEI,0.0,,
2020-03-13,PEI,,,
2020-03-12,PEI,,,
2020-03-11,PEI,,,
2020-03-10,PEI,,,
2020-03-09,PEI,,,
2020-03-08,PEI,,,
2020-03-07,PEI,,,
2020-03-06,PEI,,,
2020-03-05,PEI,,,
2020-03-04,PEI,,,
2020-03-03,PEI,,,
2020-03-02,PEI,,,
2020-03-01,PEI,,,
2020-02-29,PEI,,,
2020-02-28,PEI,,,
2020-02-27,PEI,,,
2020-02-26,PEI,,,
2020-02-25,PEI,,,
2020-02-24,PEI,,,
2020-02-23,PEI,,,
2020-02-22,PEI,,,
2020-02-21,PEI,,,
2020-02-20,PEI,,,
2020-02-19,PEI,,,
2020-02-18,PEI,,,
2020-02-17,PEI,,,
2020-02-16,PEI,,,
2020-02-15,PEI,,,
2020-02-14,PEI,,,
2020-02-13,PEI,,,
2020-02-12,PEI,,,
2020-04-03,Quebec,306.0,,
2020-04-02,Quebec,224.0,,
2020-04-01,Quebec,155.0,,
2020-03-31,Quebec,84.0,,
2020-03-30,Quebec,84.0,,
2020-03-29,Quebec,84.0,,
2020-03-28,Quebec,29.0,,
2020-03-27,Quebec,29.0,,
2020-03-26,Quebec,1.0,,
2020-03-25,Quebec,1.0,,
2020-03-24,Quebec,1.0,,
2020-03-23,Quebec,1.0,,
2020-03-22,Quebec,1.0,,
2020-03-21,Quebec,1.0,,
2020-03-20,Quebec,1.0,,
2020-03-19,Quebec,1.0,,
2020-03-18,Quebec,1.0,,
2020-03-17,Quebec,0.0,,
2020-03-16,Quebec,0.0,,
2020-03-15,Quebec,0.0,,
2020-03-14,Quebec,0.0,,
2020-03-13,Quebec,0.0,,
2020-03-12,Quebec,0.0,,
2020-03-11,Quebec,0.0,,
2020-03-10,Quebec,0.0,,
2020-03-09,Quebec,0.0,,
2020-03-08,Quebec,0.0,,
2020-03-07,Quebec,0.0,,
2020-03-06,Quebec,0.0,,
2020-03-05,Quebec,0.0,,
2020-03-04,Quebec,0.0,,
2020-03-03,Quebec,0.0,,
2020-03-02,Quebec,0.0,,
2020-03-01,Quebec,0.0,,
2020-02-29,Quebec,0.0,,
2020-02-28,Quebec,0.0,,
2020-02-27,Quebec,0.0,,
2020-02-26,Quebec,,,
2020-02-25,Quebec,,,
2020-02-24,Quebec,,,
2020-02-23,Quebec,,,
2020-02-22,Quebec,,,
2020-02-21,Quebec,,,
2020-02-20,Quebec,,,
2020-02-19,Quebec,,,
2020-02-18,Quebec,,,
2020-02-17,Quebec,,,
2020-02-16,Quebec,,,
2020-02-15,Quebec,,,
2020-02-14,Quebec,,,
2020-02-13,Quebec,,,
2020-02-12,Quebec,,,
2020-04-03,Saskatchewan,48.0,,
2020-04-02,Saskatchewan,36.0,,
2020-04-01,Saskatchewan,30.0,,
2020-03-31,Saskatchewan,21.0,,
2020-03-30,Saskatchewan,14.0,,
2020-03-29,Saskatchewan,8.0,,
2020-03-28,Saskatchewan,4.0,,
2020-03-27,Saskatchewan,3.0,,
2020-03-26,Saskatchewan,3.0,,
2020-03-25,Saskatchewan,0.0,,
2020-03-24,Saskatchewan,0.0,,
2020-03-23,Saskatchewan,0.0,,
2020-03-22,Saskatchewan,0.0,,
2020-03-21,Saskatchewan,0.0,,
2020-03-20,Saskatchewan,0.0,,
2020-03-19,Saskatchewan,0.0,,
2020-03-18,Saskatchewan,0.0,,
2020-03-17,Saskatchewan,0.0,,
2020-03-16,Saskatchewan,0.0,,
2020-03-15,Saskatchewan,0.0,,
2020-03-14,Saskatchewan,0.0,,
2020-03-13,Saskatchewan,0.0,,
2020-03-12,Saskatchewan,0.0,,
2020-03-11,Saskatchewan,,,
2020-03-10,Saskatchewan,,,
2020-03-09,Saskatchewan,,,
2020-03-08,Saskatchewan,,,
2020-03-07,Saskatchewan,,,
2020-03-06,Saskatchewan,,,
2020-03-05,Saskatchewan,,,
2020-03-04,Saskatchewan,,,
2020-03-03,Saskatchewan,,,
2020-03-02,Saskatchewan,,,
2020-03-01,Saskatchewan,,,
2020-02-29,Saskatchewan,,,
2020-02-28,Saskatchewan,,,
2020-02-27,Saskatchewan,,,
2020-02-26,Saskatchewan,,,
2020-02-25,Saskatchewan,,,
2020-02-24,Saskatchewan,,,
2020-02-23,Saskatchewan,,,
2020-02-22,Saskatchewan,,,
2020-02-21,Saskatchewan,,,
2020-02-20,Saskatchewan,,,
2020-02-19,Saskatchewan,,,
2020-02-18,Saskatchewan,,,
2020-02-17,Saskatchewan,,,
2020-02-16,Saskatchewan,,,
2020-02-15,Saskatchewan,,,
2020-02-14,Saskatchewan,,,
2020-02-13,Saskatchewan,,,
2020-02-12,Saskatchewan,,,
2020-04-03,NWT,1.0,,
2020-04-02,NWT,0.0,,
2020-04-01,NWT,0.0,,
2020-03-31,NWT,0.0,,
2020-03-30,NWT,0.0,,
2020-03-29,NWT,0.0,,
2020-03-28,NWT,0.0,,
2020-03-27,NWT,0.0,,
2020-03-26,NWT,0.0,,
2020-03-25,NWT,0.0,,
2020-03-24,NWT,0.0,,
2020-03-23,NWT,0.0,,
2020-03-22,NWT,0.0,,
2020-03-21,NWT,0.0,,
2020-03-20,NWT,,,
2020-03-19,NWT,,,
2020-03-18,NWT,,,
2020-03-17,NWT,,,
2020-03-16,NWT,,,
2020-03-15,NWT,,,
2020-03-14,NWT,,,
2020-03-13,NWT,,,
2020-03-12,NWT,,,
2020-03-11,NWT,,,
2020-03-10,NWT,,,
2020-03-09,NWT,,,
2020-03-08,NWT,,,
2020-03-07,NWT,,,
2020-03-06,NWT,,,
2020-03-05,NWT,,,
2020-03-04,NWT,,,
2020-03-03,NWT,,,
2020-03-02,NWT,,,
2020-03-01,NWT,,,
2020-02-29,NWT,,,
2020-02-28,NWT,,,
2020-02-27,NWT,,,
2020-02-26,NWT,,,
2020-02-25,NWT,,,
2020-02-24,NWT,,,
2020-02-23,NWT,,,
2020-02-22,NWT,,,
2020-02-21,NWT,,,
2020-02-20,NWT,,,
2020-02-19,NWT,,,
2020-02-18,NWT,,,
2020-02-17,NWT,,,
2020-02-16,NWT,,,
2020-02-15,NWT,,,
2020-02-14,NWT,,,
2020-02-13,NWT,,,
2020-02-12,NWT,,,
2020-04-03,Nunavut,,,
2020-04-02,Nunavut,,,
2020-04-01,Nunavut,,,
2020-03-31,Nunavut,,,
2020-03-30,Nunavut,,,
2020-03-29,Nunavut,,,
2020-03-28,Nunavut,,,
2020-03-27,Nunavut,,,
2020-03-26,Nunavut,,,
2020-03-25,Nunavut,,,
2020-03-24,Nunavut,,,
2020-03-23,Nunavut,,,
2020-03-22,Nunavut,,,
2020-03-21,Nunavut,,,
2020-03-20,Nunavut,,,
2020-03-19,Nunavut,,,
2020-03-18,Nunavut,,,
2020-03-17,Nunavut,,,
2020-03-16,Nunavut,,,
2020-03-15,Nunavut,,,
2020-03-14,Nunavut,,,
2020-03-13,Nunavut,,,
2020-03-12,Nunavut,,,
2020-03-11,Nunavut,,,
2020-03-10,Nunavut,,,
2020-03-09,Nunavut,,,
2020-03-08,Nunavut,,,
2020-03-07,Nunavut,,,
2020-03-06,Nunavut,,,
2020-03-05,Nunavut,,,
2020-03-04,Nunavut,,,
2020-03-03,Nunavut,,,
2020-03-02,Nunavut,,,
2020-03-01,Nunavut,,,
2020-02-29,Nunavut,,,
2020-02-28,Nunavut,,,
2020-02-27,Nunavut,,,
2020-02-26,Nunavut,,,
2020-02-25,Nunavut,,,
2020-02-24,Nunavut,,,
2020-02-23,Nunavut,,,
2020-02-22,Nunavut,,,
2020-02-21,Nunavut,,,
2020-02-20,Nunavut,,,
2020-02-19,Nunavut,,,
2020-02-18,Nunavut,,,
2020-02-17,Nunavut,,,
2020-02-16,Nunavut,,,
2020-02-15,Nunavut,,,
2020-02-14,Nunavut,,,
2020-02-13,Nunavut,,,
2020-02-12,Nunavut,,,
2020-04-03,Yukon,4.0,,
2020-04-02,Yukon,3.0,,
2020-04-01,Yukon,3.0,,
2020-03-31,Yukon,0.0,,
2020-03-30,Yukon,0.0,,
2020-03-29,Yukon,0.0,,
2020-03-28,Yukon,0.0,,
2020-03-27,Yukon,0.0,,
2020-03-26,Yukon,0.0,,
2020-03-25,Yukon,0.0,,
2020-03-24,Yukon,0.0,,
2020-03-23,Yukon,0.0,,
2020-03-22,Yukon,,,
2020-03-21,Yukon,,,
2020-03-20,Yukon,,,
2020-03-19,Yukon,,,
2020-03-18,Yukon,,,
2020-03-17,Yukon,,,
2020-03-16,Yukon,,,
2020-03-15,Yukon,,,
2020-03-14,Yukon,,,
2020-03-13,Yukon,,,
2020-03-12,Yukon,,,
2020-03-11,Yukon,,,
2020-03-10,Yukon,,,
2020-03-09,Yukon,,,
2020-03-08,Yukon,,,
2020-03-07,Yukon,,,
2020-03-06,Yukon,,,
2020-03-05,Yukon,,,
2020-03-04,Yukon,,,
2020-03-03,Yukon,,,
2020-03-02,Yukon,,,
2020-03-01,Yukon,,,
2020-02-29,Yukon,,,
2020-02-28,Yukon,,,
2020-02-27,Yukon,,,
2020-02-26,Yukon,,,
2020-02-25,Yukon,,,
2020-02-24,Yukon,,,
2020-02-23,Yukon,,,
2020-02-22,Yukon,,,
2020-02-21,Yukon,,,
2020-02-20,Yukon,,,
2020-02-19,Yukon,,,
2020-02-18,Yukon,,,
2020-02-17,Yukon,,,
2020-02-16,Yukon,,,
2020-02-15,Yukon,,,
2020-02-14,Yukon,,,
2020-02-13,Yukon,,,
2020-02-12,Yukon,,,
